Gender,N,Accuracy,F1,ROC_AUC
Male,275,0.7781818181818182,0.8688172043010752,0.6664116947135815
Female,325,0.7292307692307692,0.8166666666666667,0.7581947966563352
