Residence,N,Accuracy,F1,ROC_AUC
Urban,495,0.7313131313131314,0.823841059602649,0.7216715381031049
Rural,105,0.8476190476190476,0.9157894736842105,0.682962962962963
